Review,Processed_Review,Sentiment,rating/5
The battery drains faster than expected. Not happy.,battery DRAIN FASTER expect HAPPY,NEGATIVE,3.5
The illustrations in this book are stunning and add to the story.,illustration book STUN ADD story,POSITIVE,5.0
The smartwatch syncs seamlessly with my phone. Very convenient.,smartwatch syncs SEAMLESSLY phone CONVENIENT,POSITIVE,3.0
This poetry collection is beautifully written and very emotional.,poetry collection BEAUTIFULLY write EMOTIONAL,POSITIVE,3.0
This laptop boots up incredibly fast and is perfect for work.,LAPTOP boot INCREDIBLY FAST PERFECT WORK,POSITIVE,5.0
This storage unit is sturdy and has plenty of space.,storage unit STURDY plenty space,NEGATIVE,4.5
This external hard drive is compact and stores a lot of data.,EXTERNAL HARD drive COMPACT store lot data,NEGATIVE,4.5
The hoodie shrunk drastically after washing. Not happy.,hoodie shrunk DRASTICALLY WASH HAPPY,NEGATIVE,3.5
"The device overheats too often, which is frustrating.",device overheats OFTEN FRUSTRATE,NEGATIVE,2.0
The photography guide is practical and easy to understand.,photography GUIDE PRACTICAL EASY understand,POSITIVE,4.0
"The features are decent, but the build quality feels cheap.",feature DECENT build quality feel CHEAP,POSITIVE,2.5
The battery life is much worse than advertised. Disappointing.,battery life MUCH BAD ADVERTISE DISAPPOINTING,POSITIVE,0.5
This bookshelf has a modern design and fits all my books.,bookshelf MODERN design fit book,NEGATIVE,5.0
"The design is sleek, but it lacks important features.",design SLEEK LACK IMPORTANT feature,NEGATIVE,4.5
Great value for the price! Solid build and fast performance.,GREAT value price SOLID build FAST performance,POSITIVE,5.0
The keyboard feels cheap and isn’t responsive at all.,keyboard feel CHEAP ISNT RESPONSIVE,NEGATIVE,3.0
"The science book explains concepts in a simple, clear way.",science book explain CONCEPTS SIMPLE CLEAR way,POSITIVE,4.5
Charging cable was missing from the box. Poor quality control.,CHARGE cable MISS box POOR quality control,POSITIVE,0.5
The blazer is well-tailored and perfect for formal occasions.,blazer WELLTAILORED PERFECT FORMAL occasion,POSITIVE,5.0
"These curtains completely block out light, which is perfect for sleeping.",curtain COMPLETELY block LIGHT PERFECT SLEEP,NEGATIVE,5.0
The jeans are stylish but run smaller than expected.,jean STYLISH run SMALL expect,NEGATIVE,1.5
The screen resolution is sharp and vibrant.,SCREEN resolution SHARP VIBRANT,POSITIVE,4.0
The textbook is comprehensive and covers the subject in detail.,textbook COMPREHENSIVE cover SUBJECT detail,NEGATIVE,3.5
The vacuum cleaner loses suction power quickly. Frustrating.,vacuum CLEAN LOSE suction power QUICKLY FRUSTRATE,NEGATIVE,3.0
"It’s okay, but there are better alternatives at this price.",OKAY WELL alternative price,NEGATIVE,1.5
"This memoir is honest, raw, and deeply moving.",memoir HONEST RAW deeply MOVE,POSITIVE,4.5
The fabric of the hoodie feels cheap and uncomfortable.,fabric hoodie feel CHEAP UNCOMFORTABLE,POSITIVE,0.5
The gaming console has top-notch graphics and gameplay.,GAME CONSOLE TOPNOTCH graphic gameplay,POSITIVE,4.5
The recipes in this cookbook are too complicated and impractical.,recipe cookbook complicate IMPRACTICAL,NEUTRAL,4.0
The dress is okay but doesn’t look as good as in the pictures.,dress okay doesnt look GOOD picture,NEGATIVE,2.0
This hoodie is soft and has a modern design.,hoodie SOFT MODERN design,POSITIVE,5.0
The color of the curtains faded after one wash.,color curtain FADE one wash,NEGATIVE,2.5
I’m impressed with the durability of this phone case.,im IMPRESSED durability phone case,NEGATIVE,1.0
The sweater started pilling after a week of use.,sweater START PILLING week use,NEGATIVE,4.0
The winter coat is warm and looks amazing!,winter coat WARM look AMAZING,NEGATIVE,4.5
The toaster makes perfect golden-brown toast every time.,toaster make PERFECT GOLDENBROWN toast every time,POSITIVE,5.0
The dining table is sturdy and has a beautiful finish.,DIN TABLE STURDY BEAUTIFUL finish,POSITIVE,4.0
This sweater feels luxurious and is incredibly cozy.,sweater feel LUXURIOUS INCREDIBLY COZY,POSITIVE,5.0
This couch is both comfortable and stylish. Great addition!,COUCH COMFORTABLE STYLISH GREAT addition,POSITIVE,5.0
This scarf is the perfect addition to my winter wardrobe.,scarf PERFECT addition winter wardrobe,POSITIVE,5.0
The novel has an interesting premise but poor execution.,NOVEL INTERESTING premise POOR execution,POSITIVE,0.5
"The design is sleek, but the performance is underwhelming.",design SLEEK performance underwhelming,NEGATIVE,0.5
This mystery novel kept me hooked until the last page.,MYSTERY novel KEEP hook LAST page,POSITIVE,4.5
The heater consumes too much energy. A mixed bag.,heater consumes MUCH energy MIXED bag,NEGATIVE,5.0
The lamp has an elegant design that complements my room.,lamp ELEGANT design COMPLEMENT room,NEGATIVE,5.0
The novel is beautifully written and very thought-provoking.,NOVEL BEAUTIFULLY write THOUGHTPROVOKING,POSITIVE,2.0
The camera quality of this drone is professional-grade.,camera quality drone professionalgrade,NEGATIVE,4.5
The dining set arrived with scratches on the surface.,DIN set ARRIVED SCRATCH surface,POSITIVE,1.5
The hat is lightweight and shields from the sun well.,HAT LIGHTWEIGHT shield SUN WELL,POSITIVE,4.5
"The illustrations are nice, but the story falls flat.",illustration NICE story FALL FLAT,NEGATIVE,4.5
The fabric on the sofa started peeling after a month.,FABRIC sofa START PEEL month,POSITIVE,4.0
The blouse is elegant and fits like a glove.,blouse ELEGANT fit LIKE glove,POSITIVE,5.0
The projector produces a bright and clear image even in daylight.,projector produce BRIGHT CLEAR image EVEN DAYLIGHT,POSITIVE,2.0
It stopped working after just a week. Really disappointed.,STOP WORK week REALLY DISAPPOINTED,NEGATIVE,3.0
These running shoes are perfect for my daily workouts.,RUN shoe PERFECT DAILY workout,POSITIVE,5.0
The cookware set heats evenly and is easy to clean.,cookware set heat EVENLY EASY CLEAN,NEGATIVE,5.0
"The socks are soft and durable, perfect for daily wear.",sock SOFT DURABLE PERFECT DAILY wear,POSITIVE,5.0
The monitor has significant backlight bleeding. Annoying to use.,monitor SIGNIFICANT backlight BLEED ANNOY use,NEGATIVE,2.0
The trench coat is a timeless piece that I love.,trench coat timeless piece LOVE,POSITIVE,4.5
This self-help book is truly inspiring and motivating.,selfhelp book TRULY INSPIRING motivating,NEGATIVE,4.5
The lawn mower cuts grass evenly and is easy to operate.,lawn mower cut grass EVENLY EASY operate,NEGATIVE,4.0
The kitchen knives are sharp and cut through anything with ease.,kitchen knives SHARP cut anything EASE,NEGATIVE,5.0
The sweater is cozy and perfect for the cold weather.,sweater COZY PERFECT COLD weather,NEGATIVE,5.0
This graphic novel has beautiful artwork and an engaging story.,GRAPHIC novel BEAUTIFUL artwork ENGAGE story,NEGATIVE,4.5
The mattress is too soft and sinks in the middle.,mattress SOFT SINK middle,NEGATIVE,4.0
The socks are breathable and perfect for running.,sock BREATHABLE PERFECT RUN,POSITIVE,5.0
This cookbook has easy-to-follow recipes that taste amazing.,cookbook EASYTOFOLLOW recipe taste AMAZE,POSITIVE,5.0
"Overall, this gadget is worth every penny for its utility.",OVERALL gadget WORTH every penny utility,POSITIVE,5.0
The dress material feels cheap and uncomfortable.,dress material feel CHEAP UNCOMFORTABLE,NEGATIVE,0.5
The cookware is functional but not durable in the long run.,COOKWARE FUNCTIONAL DURABLE LONG run,POSITIVE,1.5
The camera overheats too quickly. Unusable for long sessions.,camera overheats QUICKLY UNUSABLE LONG session,NEGATIVE,2.0
The characters are poorly developed and hard to connect with.,character POORLY DEVELOP HARD connect,NEGATIVE,0.5
This power bank is a lifesaver during trips. Highly recommended!,power bank LIFESAVER trip HIGHLY RECOMMEND,NEGATIVE,4.5
"The air purifier is louder than expected, disrupting sleep.",air PURIFIER LOUDER EXPECT DISRUPT sleep,NEGATIVE,1.5
The art book is full of stunning visuals and insights.,art book FULL STUNNING visuals insight,POSITIVE,4.5
The air purifier has made a noticeable difference in air quality.,air purifier MAKE NOTICEABLE difference air quality,POSITIVE,4.0
The travel guide is outdated and not very helpful.,travel guide OUTDATED HELPFUL,NEGATIVE,3.0
This smartwatch has a sleek design and great features for fitness tracking.,smartwatch SLEEK design GREAT feature fitness TRACK,POSITIVE,5.0
This sofa is incredibly comfortable and looks great in my living room.,sofa INCREDIBLY COMFORTABLE look GREAT LIVING room,NEGATIVE,5.0
The shirt has a unique design and feels comfortable.,shirt UNIQUE design feel COMFORTABLE,NEGATIVE,5.0
The sweater shrunk after the first wash. Not impressed.,sweater shrunk FIRST wash IMPRESSED,NEGATIVE,1.5
The charger is compact and charges my devices super fast.,charger COMPACT charge device SUPER FAST,POSITIVE,4.5
"The poetry is okay, but it doesn’t evoke much emotion.",poetry okay doesnt EVOKE MUCH emotion,NEGATIVE,0.5
The mattress is too firm and uncomfortable to sleep on.,mattress firm UNCOMFORTABLE sleep,NEGATIVE,1.5
The bookshelf is decent but came with missing screws.,bookshelf DECENT COME MISS screw,NEGATIVE,0.5
The turtleneck sweater is soft and feels luxurious.,turtleneck sweater SOFT feel LUXURIOUS,NEGATIVE,4.5
The book is overhyped and didn’t meet my expectations.,book OVERHYPED DIDNT meet expectation,NEGATIVE,4.0
"The speakers are loud and clear, perfect for parties.",speaker LOUD CLEAR PERFECT party,NEGATIVE,4.5
The charging speed is faster than I expected.,CHARGE speed FASTER expect,POSITIVE,3.5
The shoes are uncomfortable and gave me blisters.,shoe UNCOMFORTABLE GIVE BLISTER,NEGATIVE,1.0
The mystery novel is okay but lacks real suspense.,MYSTERY novel okay LACK REAL suspense,NEUTRAL,0.5
The dress is flattering and great for special occasions.,dress FLATTER GREAT SPECIAL occasion,POSITIVE,5.0
The belt buckle broke unexpectedly. Frustrating experience.,belt BUCKLE BREAK UNEXPECTEDLY FRUSTRATING experience,POSITIVE,1.0
The pressure cooker is good but takes too long to heat.,pressure cooker GOOD take LONG heat,NEUTRAL,4.0
This workout set is stretchy and perfect for yoga.,workout set STRETCHY PERFECT yoga,POSITIVE,5.0
"The children’s book is fun, educational, and engaging.",childrens book FUN EDUCATIONAL ENGAGING,POSITIVE,4.5
The blouse’s stitching came undone after washing. Poor quality.,blouse STITCH COME UNDONE WASH POOR quality,POSITIVE,0.5
This novel is a page-turner with great pacing.,NOVEL pageturner GREAT pacing,NEGATIVE,4.5
This ceiling fan is powerful and energy-efficient.,ceiling fan POWERFUL energyefficient,POSITIVE,4.5
The cookbook has recipes that are overly complex and impractical.,cookbook recipes OVERLY COMPLEX IMPRACTICAL,NEGATIVE,1.0
The guidebook is packed with helpful tips for travelers.,guidebook PACK HELPFUL tip traveler,POSITIVE,4.5
This monitor has excellent resolution and low blue light mode.,monitor EXCELLENT resolution LOW blue light mode,POSITIVE,4.5
The sound quality of these headphones is amazing. Highly recommend!,SOUND quality headphone AMAZE HIGHLY RECOMMEND,NEGATIVE,5.0
This pair of pants is comfortable and stylish.,pair pant COMFORTABLE STYLISH,POSITIVE,5.0
The pants are stylish but not very durable over time.,pant STYLISH DURABLE time,POSITIVE,3.0
The thriller is decent but doesn’t stand out in the genre.,thriller DECENT doesnt stand genre,NEGATIVE,2.0
The biography has interesting moments but feels too long.,biography INTEREST moment feel LONG,POSITIVE,3.0
The coffee maker brews quickly and tastes amazing.,coffee maker brew QUICKLY taste AMAZE,POSITIVE,5.0
The gloves don’t fit properly and feel awkward to wear.,glove dont FIT PROPERLY feel AWKWARD wear,NEGATIVE,2.5
The fantasy novel has an amazing plot and great characters.,fantasy novel AMAZE PLOT GREAT character,POSITIVE,5.0
The storage box arrived cracked and unusable. Disappointing.,storage box ARRIVE CRACK UNUSABLE DISAPPOINTING,NEGATIVE,0.5
This mystery novel kept me guessing until the very end.,MYSTERY novel KEEP GUESS end,POSITIVE,3.5
The gloves are warm and fit perfectly.,glove WARM fit PERFECTLY,POSITIVE,5.0
The curtains are thick and provide great insulation.,curtain THICK provide GREAT insulation,POSITIVE,5.0
The microwave heats food quickly and evenly. Highly satisfied.,microwave heat food QUICKLY EVENLY HIGHLY SATISFIED,POSITIVE,4.5
The washing machine is efficient and runs quietly.,WASH machine EFFICIENT run QUIETLY,NEGATIVE,4.5
"The storyline is gripping, and the characters are well-developed.",storyline GRIP character WELLDEVELOPED,POSITIVE,3.0
The hoodie is both comfortable and trendy.,hoodie COMFORTABLE TRENDY,NEGATIVE,4.5
This book’s language is too dense and hard to follow.,book language DENSE HARD follow,NEGATIVE,4.5
This book is a treasure trove of information on its subject.,book TREASURE trove information subject,POSITIVE,5.0
The shelf is sturdy and fits perfectly in my office.,shelf STURDY fit PERFECTLY office,POSITIVE,5.0
"The blender works like a charm, blending everything smoothly.",blender WORK LIKE CHARM BLEND everything SMOOTHLY,POSITIVE,5.0
The shoes caused blisters after wearing them for an hour.,shoe CAUSE BLISTER WEAR hour,POSITIVE,1.0
"The instructions were unclear, making assembly difficult.",instruction UNCLEAR MAKE ASSEMBLY DIFFICULT,POSITIVE,2.0
The writing style is captivating and draws you in from the start.,WRITE style CAPTIVATE draw start,NEGATIVE,3.5
"The bed frame is solid, and the assembly was easy.",bed frame SOLID assembly EASY,NEGATIVE,5.0
The noise cancellation on these headphones is superb.,NOISE cancellation headphone SUPERB,NEGATIVE,3.0
The blender crushes ice effortlessly and is easy to clean.,blender CRUSH ICE EFFORTLESSLY EASY CLEAN,POSITIVE,5.0
This cookbook has delicious recipes that are easy to follow.,cookbook DELICIOUS recipe EASY follow,NEGATIVE,5.0
The fantasy world-building is incredible and immersive.,fantasy WORLDBUILDING INCREDIBLE IMMERSIVE,POSITIVE,5.0
The printer is reliable and prints documents quickly.,printer RELIABLE print document QUICKLY,NEGATIVE,5.0
The handle of the pan snapped off while cooking. Disappointing.,handle PAN SNAP COOK DISAPPOINTING,NEGATIVE,0.5
The athletic wear is breathable and great for workouts.,ATHLETIC wear BREATHABLE GREAT workout,POSITIVE,4.5
These shorts are comfortable and great for lounging.,short COMFORTABLE GREAT lounging,POSITIVE,5.0
The language in the textbook is too technical and hard to follow.,language textbook TECHNICAL HARD follow,POSITIVE,4.5
The poetry in this book is touching and beautifully crafted.,poetry book TOUCH BEAUTIFULLY craft,POSITIVE,3.5
Average performance—not bad but not great either.,AVERAGE PERFORMANCENOT BAD GREAT either,NEGATIVE,1.5
The shoes are lightweight and provide great arch support.,shoe LIGHTWEIGHT PROVIDE GREAT ARCH SUPPORT,POSITIVE,5.0
This book is a masterpiece! I couldn’t put it down.,book MASTERPIECE couldnt PUT,NEGATIVE,4.5
The laptop cooling pad keeps my device cool and silent.,LAPTOP cooling pad keep DEVICE COOL SILENT,NEUTRAL,2.0
The shorts are fine but started fading after a few washes.,short FINE START FADING wash,POSITIVE,3.0
The fan makes a loud noise when operating. Not great.,fan make LOUD NOISE operating GREAT,NEUTRAL,4.5
The children’s book is both fun and educational.,childrens book FUN EDUCATIONAL,POSITIVE,4.5
The earbuds fit perfectly and have amazing sound quality.,EARBUDS fit PERFECTLY AMAZE sound quality,POSITIVE,5.0
The device didn’t last more than two months. Waste of money.,device didnt LAST two month WASTE money,NEGATIVE,0.5
This organizer has helped me declutter my room beautifully.,organizer HELP declutter room BEAUTIFULLY,NEGATIVE,4.0
"The TV's picture quality is stunning, and the sound is crystal clear.",TVS picture quality STUN SOUND CRYSTAL CLEAR,NEGATIVE,2.5
The shirt’s color faded after just one wash. Disappointed.,shirt color FADE one wash DISAPPOINT,NEGATIVE,0.5
The dress fits perfectly and feels very comfortable.,dress fit PERFECTLY feel COMFORTABLE,POSITIVE,5.0
The thriller had twists I didn’t see coming. Incredible read!,thriller TWIST didnt see COME INCREDIBLE read,NEGATIVE,5.0
This keyboard is responsive and great for typing long hours.,KEYBOARD RESPONSIVE GREAT TYPE LONG hour,NEGATIVE,4.5
These jeans are high-quality and fit like a dream.,jean highquality fit LIKE dream,POSITIVE,4.5
The blender motor burned out after a month. Not worth it.,blender motor BURN month WORTH,POSITIVE,1.0
The cardigan is soft and goes with almost anything.,CARDIGAN SOFT go ALMOST anything,POSITIVE,3.0
"It’s an okay product, but I’ve seen better in this price range.",OKAY product ive see WELL price range,POSITIVE,1.0
"The fan is powerful yet quiet, a perfect combination.",fan POWERFUL YET QUIET PERFECT combination,POSITIVE,5.0
The pressure cooker works perfectly and cooks meals fast.,pressure cooker WORK PERFECTLY COOKS meal FAST,POSITIVE,5.0
The coffee table looks nice but wobbles a lot. Mixed bag.,coffee table look NICE WOBBLE lot MIXED bag,NEGATIVE,5.0
This vacuum cleaner is lightweight and easy to maneuver.,vacuum CLEAN LIGHTWEIGHT EASY maneuver,POSITIVE,5.0
The travel guide is full of useful tips and beautiful photos.,travel guide FULL USEFUL tip BEAUTIFUL photo,NEGATIVE,5.0
This biography is inspiring and very well-written.,biography INSPIRE wellwritten,POSITIVE,1.5
The manual was confusing and hard to follow.,MANUAL CONFUSE HARD follow,NEGATIVE,1.5
The display started flickering after a week. Very frustrating.,display START FLICKER week FRUSTRATING,POSITIVE,2.5
The soundbar enhances the audio experience to a whole new level.,soundbar ENHANCE AUDIO experience WHOLE NEW level,POSITIVE,4.5
The characters are flat and not relatable at all.,character FLAT RELATABLE,NEGATIVE,2.5
The jacket zipper broke after a few uses. Poor quality.,jacket zipper BREAK us POOR quality,POSITIVE,0.5
The story is predictable and didn’t keep me engaged.,story PREDICTABLE didnt keep ENGAGE,NEGATIVE,2.5
The dishwasher cleans dishes thoroughly and saves a lot of time.,DISHWASHER CLEAN dish THOROUGHLY save lot time,POSITIVE,4.5
The belt is sturdy and looks great with my outfits.,belt STURDY look GREAT outfit,POSITIVE,4.5
"It works okay for its price, but it’s nothing special.",WORK OKAY price nothing SPECIAL,NEGATIVE,0.5
The buttons feel flimsy and low quality.,button feel FLIMSY LOW quality,POSITIVE,2.0
The pants tore after just one wear. Very disappointed.,pant tear one wear DISAPPOINT,NEGATIVE,1.0
The hat is stylish and keeps me warm during cold days.,hat STYLISH keep WARM COLD day,POSITIVE,3.0
This coffee table is well-made and looks fantastic.,coffee table WELLMADE look FANTASTIC,NEGATIVE,4.5
Battery life is excellent and lasts all day without any issues.,battery life EXCELLENT last day without ISSUE,POSITIVE,5.0
The T-shirt fabric is soft and doesn’t shrink after washing.,tshirt fabric SOFT doesnt shrink WASH,NEGATIVE,2.5
Not as durable as advertised. A mixed experience.,DURABLE ADVERTISE MIXED experience,NEGATIVE,4.5
The fabric on the chair started tearing within weeks.,FABRIC chair START TEAR within week,POSITIVE,2.5
"Setup was simple, and the product works like a charm.",setup SIMPLE product WORK LIKE CHARM,POSITIVE,4.5
The poetry collection is hit or miss depending on the poem.,poetry collection HIT MISS DEPEND poem,POSITIVE,4.5
This jacket is warm and stylish. I love it!,jacket WARM STYLISH LOVE,POSITIVE,4.5
The guidebook has some useful info but is mostly outdated.,guidebook USEFUL info MOSTLY OUTDATED,POSITIVE,0.5
"The camera lens produces sharp, vibrant photos every time.",camera lens produce SHARP VIBRANT photo every time,POSITIVE,3.0
This book was boring and predictable. A waste of time.,book BORE PREDICTABLE WASTE time,NEGATIVE,0.5
This rug feels soft and looks very stylish in my living room.,rug feel SOFT look STYLISH living room,POSITIVE,4.5
"The socks are okay, but they wear out quickly.",sock okay WEAR QUICKLY,NEGATIVE,1.0
"The device works, but it’s nothing special. Very average.",device WORK nothing SPECIAL average,NEGATIVE,0.5
The tablet is lightweight and works perfectly for reading and browsing.,tablet LIGHTWEIGHT WORK PERFECTLY READ BROWSE,POSITIVE,5.0
The history book is detailed and fascinating to read.,history book DETAIL FASCINATING read,NEUTRAL,5.0
The router provides a strong and stable connection throughout my home.,router provide STRONG STABLE connection throughout home,NEUTRAL,5.0
"This smartphone has exceeded my expectations, especially the camera.",smartphone EXCEED expectation ESPECIALLY camera,POSITIVE,5.0
The fantasy novel has a weak plot and inconsistent pacing.,fantasy NOVEL WEAK PLOT INCONSISTENT PACE,POSITIVE,1.0
The pillows are soft and supportive. Perfect for sleeping.,pillow SOFT SUPPORTIVE PERFECT SLEEP,POSITIVE,5.0
The heater warms up the room quickly and evenly.,heater warms room QUICKLY EVENLY,POSITIVE,4.0
The plot starts strong but fizzles out midway. Mixed feelings.,PLOT start STRONG fizzle MIDWAY MIXED feeling,POSITIVE,2.0
"The scarf is nice, but the stitching could be better.",SCARF NICE stitching could BETTER,NEGATIVE,4.0
The jacket doesn’t provide enough warmth in colder weather.,jacket doesnt provide ENOUGH WARMTH colder weather,NEGATIVE,4.5
"The design looks nice, but the quality isn’t great.",design look NICE quality isnt GREAT,NEGATIVE,5.0
The gloves are durable and keep my hands warm.,glove DURABLE keep hand WARM,NEUTRAL,3.0
